recording_id,speaker_id,timestamp,speech_present,pitch,energy,speech_rate,pause_ratio,background_noise,signal_quality
REC-2026-101,S001,0,True,148,0.42,126,0.19,0.08,0.97
REC-2026-101,S001,1,yes,151,0.44,129,0.18,0.09,0.96
REC-2026-101,001,2,True,154,0.46,132,0.16,0.10,0.95
REC-26-102,S002,0,True,118,0.36,108,0.25,0.08,0.96
REC-2026-102,S999,1,True,120,0.38,112,0.23,0.09,0.95
REC-2026-102,S002,two,True,high,0.40,115,0.22,0.10,0.94
REC-2026-102,S002,3,True,122,-0.20,118,1.20,0.11,0.93
REC-2026-102,S002,4,True,124,0.43,-30,0.18,-0.10,1.30
REC-2026-103,S003,0,False,176,0.48,142,0.16,0.08,0.97
REC-2026-103,S003,1,True,,0.49,145,0.15,0.09,0.96
REC-2026-103,S003,2,True,178,0.50,146,0.14,0.10
